"","ProfileName","ManipulatorPosition.AxisPosition","ManipulatorPosition.AxisPosition.1","ManipulatorPosition.AxisPosition.2","ManipulatorPosition.AxisPosition.3","ManipulatorPosition.AxisPosition.4","CTAxisOffset","XraySettings.Settings.kV","XraySettings.Settings.uA","XrayFilterMaterial","XrayFilterThickness","XrayHead","XrayHeadNumber","ShadingCorrections.CorrectionName","FluxNormalisation","FluxNormalisationRect.Location.X","FluxNormalisationRect.Location.Y","FluxNormalisationRect.Size.Width","FluxNormalisationRect.Size.Height","FluxNormalisationRect.X","FluxNormalisationRect.Y","FluxNormalisationRect.Width","FluxNormalisationRect.Height","IntensifierField","IrisDemand","ImagingSettings.transform","ImagingSettings.imageOffsetX","ImagingSettings.imageOffsetY","ImagingSettings.imageSizeX","ImagingSettings.imageSizeY","ImagingSettings.defaultImagingMode","ImagingSettings..attrs.exposure","ImagingSettings..attrs.gain","ImagingSettings..attrs.brightness","ImagingSettings..attrs.digitalGain","ImagingSettings..attrs.binning","ImagingSettings..attrs.WhiteToBlackLatency","ImagingSettings..attrs.BlackToWhiteLatency","ImagingSettings..attrs.WhiteToWhiteLatency","ImagingSettings..attrs.lines","ImagingSettings..attrs.accumulation","ScanFlatPanel","PanelScanImages","DetectorPixelSizeMM","MinimiseRingArtefacts","Reconstruct","ReconstructionPCName","DualEnergy","ReferenceImageFrames","OptimiseProjections","Projections","FramesPerProjection","VolumeOfInterest.XStart","VolumeOfInterest.XEnd","VolumeOfInterest.YStart","VolumeOfInterest.YEnd","VolumeOfInterest.ZStart","VolumeOfInterest.ZEnd","ReconstructionQuality","BeamHardeningPreset","NoiseReductionPreset","LinearInterpolation","MedianFilterSize","CalculateCentreOfRotation","ApplyRodCorrection","Delay.Hours","Delay.Minutes","Delay.Seconds","filenm"
"1","BAEn2000_CaseStudy2_2003","0","455.55","-84.77","0","0","0","215","56","None","0","Reflection 225","0","Generic","true","14","15","104","123","14","15","104","123","0","100","1","0","20","2000","2000","Histogram","2000","3","0","0","0","20000","10000","1000","0","0","false","2","0.2","true","false","RECONPC","false","0","true","3142","1","198","1692","333","1877","0","1997","100","0","0","true","1","true","false","0","0","0","Y:/CT data exceptions/BAE0033_PS_HC [2014-03-29 03.36.52]/BAE0033_PS_HC.ctprofile.xml"
"2","WMG_battery1_B","0","490.91","-139.26","0","0","0","220","59","Copper","0.5","Reflection 225","0","Generic","true","22","26","106","108","22","26","106","108","0","100","1","0","20","2000","2000","Histogram","4000","3","0","0","0","20000","10000","1000","0","0","false","2","0.2","false","false","RECONPC","false","0","true","3142","1","186","1843","267","1635","0","1997","100","0","0","true","1","true","false","0","0","0","Y:/CT data exceptions/BAE0034_PS_o2_1 [2014-06-15 14.52.46]/BAE0034_PS_o2_1.ctprofile.xml"
"3","WMG_battery1_B","0","490.91","-139.26","0","0","0","220","59","Copper","0.5","Reflection 225","0","Generic","true","22","26","106","108","22","26","106","108","0","100","1","0","20","2000","2000","Histogram","4000","3","0","0","0","20000","10000","1000","0","0","false","2","0.2","false","false","RECONPC","false","0","true","3142","1","186","1843","267","1635","0","1997","100","0","0","true","1","true","false","0","0","0","Y:/CT data exceptions/BAE0034_PS_o2_1 [2014-06-15 19.50.26]/BAE0034_PS_o2_1.ctprofile.xml"
"4","WMG_battery1_B","0","492.35","-139.26","0","0","0","220","55","Copper","0.5","Reflection 225","0","Generic","true","22","26","106","108","22","26","106","108","0","100","1","0","20","2000","2000","Histogram","4000","3","0","0","0","20000","10000","1000","0","0","false","2","0.2","false","false","RECONPC","false","0","true","3142","1","186","1844","305","1682","0","1997","100","0","0","true","1","true","false","0","0","0","Y:/CT data exceptions/BAE0034_PS_o2_2 [2014-06-16 11.26.02]/BAE0034_PS_o2_2.ctprofile.xml"
"5","BAE3000_CaseStudy2_53","0","469.04","-29.53","0","0","0","202","124","Tin","0.5","Reflection 225","0","Generic","false","11","22","29","151","11","22","29","151","0","100","1","2","20","1996","1996","Histogram","4000","4","0","0","0","20000","10000","1000","0","0","false","2","0.2","true","false","RECONPC","false","0","true","3135","1","0","1993","0","1993","0","1993","100","0","0","true","1","true","false","0","0","0","Y:/CT data exceptions/BAE0035_PS_1 [2014-10-14 10.48.47]/BAE0035_PS_1.ctprofile.xml"
"6","BAE3000_CaseStudy2_53","0","475.4496","-79.33","0","0","0","202","124","Tin","0.5","Reflection 225","0","Generic","true","11","22","29","151","11","22","29","151","0","100","1","2","20","1996","1996","Histogram","4000","4","0","0","0","20000","10000","1000","0","0","false","2","0.2","true","false","RECONPC","false","0","true","3135","1","524","1481","0","1993","138","1880","100","0","0","true","1","true","false","0","0","0","Y:/CT data exceptions/BAE0035_PS_D1 [2014-10-14 18.33.26]/BAE0035_PS_D1.ctprofile.xml"
"7","BAE3000_CaseStudy2_53","0","473.07","-77.57","0","0","0","202","124","Tin","0.5","Reflection 225","0","Generic","true","11","22","29","151","11","22","29","151","0","100","1","2","20","1996","1996","Histogram","4000","4","0","0","0","20000","10000","1000","0","0","false","2","0.2","true","false","RECONPC","false","0","true","3135","1","524","1482","0","1993","104","1974","100","0","0","true","1","true","false","0","0","0","Y:/CT data exceptions/BAE0035_PS_D2 [2014-10-15 09.18.05]/BAE0035_PS_D2.ctprofile.xml"
"8","BAE3000_CaseStudy2_53","0","478.3017","-77.57","0","0","0","202","124","Tin","0.5","Reflection 225","0","Generic","true","11","22","29","151","11","22","29","151","0","100","1","2","20","1996","1996","Histogram","4000","4","0","0","0","20000","10000","1000","0","0","false","2","0.2","true","false","RECONPC","false","0","true","3135","1","524","1522","279","1993","104","1975","100","0","0","true","1","true","false","0","0","0","Y:/CT data exceptions/BAE0035_PS_D3 [2014-10-15 17.23.10]/BAE0035_PS_D3.ctprofile.xml"
"9","WMG_wires_testsample2","0","485.64","-85.31","0","0","0","190","15","None","0","Reflection 225","0","Generic","true","11","25","59","148","11","25","59","148","0","100","1","2","20","1996","1996","Histogram","2000","3","0","0","0","20000","10000","1000","0","0","false","2","0.2","true","false","RECONPC","false","0","true","3135","1","0","1995","0","1995","0","1995","100","0","0","true","1","true","false","0","0","0","Y:/CT data exceptions/BAE0036_RC [2014-11-08 12.54.00]/BAE0036_RC.ctprofile.xml"
"10","WMG_wires_testsample2","0","486.18","-167.89","0","0","0","210","13","None","0.5","Reflection 225","0","Generic","false","1879","28","59","148","1879","28","59","148","0","100","1","2","20","1996","1996","Histogram","1000","3","0","0","0","20000","10000","1000","0","0","false","2","0.2","true","false","RECONPC","false","0","true","3135","1","0","1993","0","1993","0","1993","100","0","0","true","1","true","false","0","0","0","Y:/CT data exceptions/BAE0036_RC2 [2014-11-14 14.24.48]/BAE0036_RC2.ctprofile.xml"
"11","WMG_Spooner_newcol_4B","0","504.48","-134.95","-25","0","0","210","45","None","0","Reflection 225","0","Generic","true","26","24","208","194","26","24","208","194","0","100","1","2","20","1996","1996","Histogram","4000","4","0","0","0","20000","10000","1000","0","0","false","2","0.2","true","false","RECONPC","false","0","true","3135","1","458","1616","0","1739","0","1993","100","0","0","true","1","true","false","0","0","0","Y:/CT data exceptions/BAE0037_PS_SafetyPin1 [2015-01-13 15.04.10]/BAE0037_PS_SafetyPin1.ctprofile.xml"
"12","WMG_Spooner_newcol_4B","0","504.4482","-134.9218","-25","0","0","200","30","Tin","0.75","Reflection 225","0","Generic","true","26","24","208","194","26","24","208","194","0","100","1","2","20","1996","1996","Histogram","4000","5","0","0","0","20000","10000","1000","0","0","false","2","0.2","true","false","RECONPC","false","0","true","3135","1","458","1616","0","1739","0","1993","100","0","0","true","1","true","false","0","0","0","Y:/CT data exceptions/BAE0037_PS_SafetyPin2 [2015-01-15 09.45.09]/BAE0037_PS_SafetyPin2.ctprofile.xml"
"13","BAE0039_PS_CablesJN1003","0","275.12","-173.86","0","0","0","195","23","Tin","0.25","Reflection 225","0","Generic","true","2","68","260","164","2","68","260","164","0","100","1","2","20","1996","1996","Histogram","2829","4","0","0","0","20000","10000","1000","0","0","false","2","0.2","true","false","RECONPC","false","0","true","3135","1","314","1726","468","1817","0","1993","100","0","0","true","1","true","false","0","0","0","Y:/CT data exceptions/BAE0039_PS_CablesJN1003 [2015-03-09 05.47.32]/BAE0039_PS_CablesJN1003.ctprofile.xml"
"14","BAE0039_PS_CablesZJ807","0","313.62","-173.86","0","0","0","195","23","Tin","0.25","Reflection 225","0","Generic","true","2","68","260","164","2","68","260","164","0","100","1","2","20","1996","1996","Histogram","2829","4","0","0","0","20000","10000","1000","0","0","false","2","0.2","true","false","RECONPC","false","0","true","3135","1","0","1482","323","1720","0","1993","100","0","0","true","1","true","false","0","0","0","Y:/CT data exceptions/BAE0039_PS_CablesZJ807 [2015-03-09 00.47.58]/BAE0039_PS_CablesZJ807.ctprofile.xml"
"15","BAE0039_PS_CablesJN1003","0","535.93","-164.94","0","0","0","195","31","Tin","0.25","Reflection 225","0","Generic","true","2","68","260","164","2","68","260","164","0","100","1","2","20","1996","1996","Histogram","2000","5","0","0","0","20000","10000","1000","0","0","false","2","0.2","true","false","RECONPC","false","0","true","3135","1","314","1726","468","1817","0","1993","100","0","0","true","1","true","false","0","0","0","Y:/CT data exceptions/BAE0039_PS_ConnectorCablesJN1004 [2015-03-09 13.34.53]/BAE0039_PS_ConnectorCablesJN1004.ctprofile.xml"
"16","WMG_Nasrin_newtrialB","0","542.3","-153.96","0","0","0","195","28","Tin","0.25","Reflection 225","0","Generic","true","2","68","260","164","2","68","260","164","0","100","1","0","20","2000","2000","Histogram","2000","5","0","0","0","20000","10000","1000","0","0","false","2","0.2","true","false","RECONPC","false","0","true","2525","1","449","1481","411","1553","122","1855","100","0","0","true","1","true","false","0","0","0","Y:/CT data exceptions/BAE0039_PS_ConnectorJN1003 [2015-03-06 11.04.11]/BAE0039_PS_ConnectorJN1003.ctprofile.xml"
"17","WMG_Nasrin_newtrialB","0","536.86","-150.59","0.0647","0","0","195","28","Tin","0.25","Reflection 225","0","Generic","true","2","68","260","164","2","68","260","164","0","100","1","0","20","2000","2000","Histogram","2000","5","0","0","0","20000","10000","1000","0","0","false","2","0.2","true","false","RECONPC","false","0","true","2525","1","449","1481","411","1553","122","1855","100","0","0","true","1","true","false","0","0","0","Y:/CT data exceptions/BAE0039_PS_ConnectorZJ507 [2015-03-05 14.04.25]/BAE0039_PS_ConnectorZJ507.ctprofile.xml"
"18","WMG_Nasrin_newtrialB","0","534.59","-144.82","360","0","0","195","28","Tin","0.25","Reflection 225","0","Generic","true","2","68","260","164","2","68","260","164","0","100","1","2","20","1996","1996","Histogram","2000","5","0","0","0","20000","10000","1000","0","0","false","2","0.2","true","false","RECONPC","false","0","true","2708","1","446","1498","336","1636","0","1993","100","0","0","true","1","true","false","0","0","0","Y:/CT data exceptions/BAE0039_PS_ConnectorZJ916 [2015-03-04 14.17.06]/BAE0039_PS_ConnectorZJ916.ctprofile.xml"
"19","BAE0039_PS_CablesJN1003","0","442.27","-199.97","0","0","0","165","18","Tin","0.125","Reflection 225","0","Generic","true","2","68","260","164","2","68","260","164","0","100","1","0","20","2000","2000","Histogram","4000","4","0","0","0","20000","10000","1000","0","0","false","2","0.2","true","false","RECONPC","false","0","true","2264","1","508","1538","521","1425","44","1946","100","0","0","true","1","true","false","0","0","0","Y:/CT data exceptions/BAE0040_PS [2015-04-08 12.40.24]/BAE0040_PS.ctprofile.xml"
"20","WMG_Warnett_Sphere724","0","503.63","-168.91","0","0","0","190","37","Tin","0.5","Reflection 225","0","Generic","true","2","68","260","164","2","68","260","164","0","100","1","2","20","1996","1996","Histogram","2829","4","0","0","1","20000","10000","1000","0","0","false","2","0.4","true","false","RECONPC","false","0","true","1568","1","143","806","140","767","24","996","100","0","0","true","1","true","false","0","0","0","Y:/CT data exceptions/BAE0041_Goodrich_0443 [2015-05-01 11.40.41]/BAE0041_Goodrich_0443.ctprofile.xml"
"21","BAEn5000_UD40","0","504.92","-172.51","0","0","0","190","16","Tin","0.5","Reflection 225","0","Generic","true","2","53","72","179","2","53","72","179","0","100","1","2","20","1996","1996","Histogram","2829","5","0","0","1","20000","10000","1000","0","0","false","2","0.4","true","false","RECONPC","false","0","true","1049","1","264","690","262","689","0","996","100","0","0","true","1","true","false","0","0","0","Y:/CT data exceptions/BAE0041_Goodrich_414 [2015-05-11 22.42.22]/BAE0041_Goodrich_414.ctprofile.xml"
"22","BAEn6000_VTC059_W3","0","376.37","220.67","0","0","0","200","60","Tin","1","Reflection 225","0","Generic","true","109","178","238","249","109","178","238","249","0","100","1","0","20","2000","2000","Histogram","4000","4","0","0","0","20000","10000","1000","0","0","false","2","0.2","true","false","RECONPC","false","0","true","3135","1","38","1971","571","1375","182","1918","100","0","0","true","1","true","false","0","0","0","Y:/CT data exceptions/BAE0042_NACA_1060No2 [2015-09-08 17.47.42]/BAE0042_NACA_1060No2.ctprofile.xml"
"23","BAEn6000_VTC059_W3","0","374.52","227.15","0","0","0","200","50","Tin","0","Reflection 225","0","Generic","false","109","178","238","249","109","178","238","249","0","100","1","0","20","2000","2000","Histogram","4000","4","0","0","0","20000","10000","1000","0","0","false","2","0.2","true","false","RECONPC","false","0","true","3135","1","100","1958","496","1475","85","1993","100","0","0","true","1","true","false","0","0","0","Y:/CT data exceptions/BAE0042_NACA_1660No2 [2015-09-11 12.26.28]/BAE0042_NACA_1660No2.ctprofile.xml"
"24","BAE0042_NACA1660a","0","440.12","-106.45","0","0","0","185","19","Tin","1","Reflection 225","0","Generic","false","109","178","238","249","109","178","238","249","0","100","1","0","20","2000","2000","Histogram","2829","5","0","0","0","20000","10000","1000","0","0","false","2","0.2","true","false","RECONPC","false","0","true","2801","1","339","1761","712","1459","0","1745","100","0","0","true","1","true","false","0","0","0","Y:/CT data exceptions/BAE0042_NACA1660a [2015-09-23 13.55.03]/BAE0042_NACA1660a.ctprofile.xml"
"25","BAE0042_NACA1660b","0","355.4","-41.93","0","0","0","185","35","Tin","1","Reflection 225","0","Generic","false","109","178","238","249","109","178","238","249","0","100","1","0","20","2000","2000","Histogram","2829","5","0","0","0","20000","10000","1000","0","0","false","2","0.2","true","false","RECONPC","false","0","true","3135","1","179","1943","650","1460","0","1746","100","0","0","true","1","true","false","0","0","0","Y:/CT data exceptions/BAE0042_NACA1660b [2015-09-23 18.21.36]/BAE0042_NACA1660b.ctprofile.xml"
"26","Spooner_cru_FeP02pt36ptFeO_95s","0","274.4042","251.03","0","0","0","275","98","Tin","1.25","Reflection 320","4","Generic","false","2","53","72","179","2","53","72","179","0","100","1","0","20","2000","2000","Histogram","4000","4","0","0","0","20000","10000","1000","0","0","false","2","0.2","true","false","RECONPC","false","0","true","3135","1","116","1880","474","1466","0","1993","100","0","0","true","1","true","false","0","0","0","Y:/CT data exceptions/BAE0042_NACA3 [2015-07-09 15.52.22]/BAE0042_NACA3.ctprofile.xml"
"27","Connekt_penetrator2_pcbB","0","503.4","-169.81","0","0","0","225","40","Tin","2","Reflection 225","0","Generic","false","2","53","72","179","2","53","72","179","0","100","1","0","20","2000","2000","Histogram","4000","4","0","0","0","20000","10000","1000","0","0","false","2","0.2","true","false","RECONPC","false","0","true","2846","1","292","1739","477","1466","0","1993","100","0","0","true","1","true","false","0","0","0","Y:/CT data exceptions/BAE0043_CapaciorC301 [2015-07-30 18.01.12]/BAE0043_CapaciorC301.ctprofile.xml"
"28","Connekt_penetrator2_pcbB","0","496.57","-116.82","0","0","0","302","98","Tin","2","Reflection 320","4","Generic","false","2","53","72","179","2","53","72","179","0","100","1","0","20","2000","2000","Histogram","2829","4","0","0","0","20000","10000","1000","0","0","false","2","0.2","true","false","RECONPC","false","0","true","2365","1","615","1335","430","1646","66","1916","100","0","0","true","1","true","false","0","0","0","Y:/CT data exceptions/BAE0043_CapaciorsC11_C12 [2015-07-29 14.35.06]/BAE0043_CapaciorsC11_C12.ctprofile.xml"
"29","Connekt_penetrator2_pcbB","0","496.57","-164.89","0","0","0","302","98","Tin","2","Reflection 320","4","Generic","false","2","53","72","179","2","53","72","179","0","100","1","0","20","2000","2000","Histogram","2829","4","0","0","0","20000","10000","1000","0","0","false","2","0.2","true","false","RECONPC","false","0","true","2290","1","797","1334","430","1645","436","1915","100","0","0","true","1","true","false","0","0","0","Y:/CT data exceptions/BAE0043_Capacitors07_05 [2015-07-28 15.25.51]/BAE0043_Capacitors07_05.ctprofile.xml"
"30","BAEn6000_VTC059_W3","0","495.9","-183.64","0","0","0","210","43","Tin","0.125","Reflection 225","0","Generic","true","2","53","238","249","2","53","238","249","0","100","1","2","20","1996","1996","Histogram","2829","5","0","0","0","20000","10000","1000","0","0","false","2","0.2","true","false","RECONPC","false","0","true","3135","1","160","1726","126","1926","0","1993","100","0","0","true","1","true","false","0","0","0","Y:/CT data exceptions/BAE0043_CapNew [2015-09-07 12.29.01]/BAE0043_CapNew.ctprofile.xml"
"31","Connekt_penetrator2_pcbB","0","504.44","-164.89","0","0","0","302","98","Tin","2","Reflection 320","4","Generic","false","2","53","72","179","2","53","72","179","0","100","1","0","20","2000","2000","Histogram","2829","4","0","0","0","20000","10000","1000","0","0","false","2","0.2","true","false","RECONPC","false","0","true","3135","1","182","1700","210","1682","364","1914","100","0","0","true","1","true","false","0","0","0","Y:/CT data exceptions/BAE0043_PottedShunt [2015-07-27 16.32.13]/BAE0043_PottedShunt.ctprofile.xml"
"32","Astheimer_S6active_B","0","489.8","-180.33","0","0","0","225","42","None","0","Reflection 225","0","Generic","false","2","53","72","179","2","53","72","179","0","100","1","0","20","2000","2000","Histogram","2829","5","0","0","0","20000","10000","1000","0","0","false","2","0.2","false","false","RECONPC","false","0","true","3135","1","119","1754","104","1685","314","1817","100","0","0","true","1","true","false","0","0","0","Y:/CT data exceptions/BAE0043_PottedShuntNew [2015-08-07 10.45.24]/BAE0043_PottedShuntNew.ctprofile.xml"
"33","Astheimer_S6active_B","0","489.45","-180.68","0","0","0","220","43","Tin","0.675","Reflection 225","0","Generic","false","2","53","72","179","2","53","72","179","0","100","1","2","20","1996","1996","Histogram","4000","5","0","0","0","20000","10000","1000","0","0","false","2","0.2","true","false","RECONPC","false","0","true","3135","1","0","1848","0","1742","289","1993","100","0","0","true","1","true","false","0","0","0","Y:/CT data exceptions/BAE0043_PottedShuntNew2 [2015-08-11 18.47.14]/BAE0043_PottedShuntNew2.ctprofile.xml"
"34","Connekt_penetrator2_pcbB","0","413.83","-9.9542","0","0","0","301","99","Tin","6","Reflection 320","4","Generic","false","2","53","72","179","2","53","72","179","0","100","1","0","20","2000","2000","Histogram","4000","5","0","0","0","20000","10000","1000","0","0","false","2","0.2","true","false","RECONPC","false","0","true","3135","1","301","1698","264","1802","119","1930","100","0","0","true","1","true","false","0","0","0","Y:/CT data exceptions/BAE0043_Shunt03 [2015-07-26 19.06.04]/BAE0043_Shunt03.ctprofile.xml"
"35","Connekt_penetrator2_pcbB","0","413.83","-9.98","90","0","0","300","117","Tin","6","Reflection 320","4","Generic","false","2","53","72","179","2","53","72","179","0","100","1","0","20","2000","2000","Histogram","4000","5","0","0","0","20000","10000","1000","0","0","false","2","0.2","true","false","RECONPC","false","0","true","3135","1","348","1930","119","1732","0","1993","100","0","0","true","1","true","false","0","0","0","Y:/CT data exceptions/BAE0043_Shunt11 [2015-07-22 16.40.41]/BAE0043_Shunt11.ctprofile.xml"
"36","Connekt_penetrator2_pcbB","0","413.83","-9.98","0","0","0","300","117","Tin","6","Reflection 320","4","Generic","false","2","53","72","179","2","53","72","179","0","100","1","0","20","2000","2000","Histogram","4000","5","0","0","0","20000","10000","1000","0","0","false","2","0.2","true","false","RECONPC","false","0","true","3135","1","348","1839","264","1801","235","1757","100","0","0","true","1","true","false","0","0","0","Y:/CT data exceptions/BAE0043_Shunt15 [2015-07-23 18.30.44]/BAE0043_Shunt15.ctprofile.xml"
"37","Connekt_penetrator2_pcbB","0","413.83","-9.9542","0","0","0","306","98","Tin","6","Reflection 320","4","Generic","false","2","53","72","179","2","53","72","179","0","100","1","0","20","2000","2000","Histogram","4000","5","0","0","0","20000","10000","1000","0","0","false","2","0.2","true","false","RECONPC","false","0","true","3135","1","348","1839","264","1801","235","1757","100","0","0","true","1","true","false","0","0","0","Y:/CT data exceptions/BAE0043_Shunt15_2 [2015-07-24 14.51.01]/BAE0043_Shunt15_2.ctprofile.xml"
"38","BAEn_CaseStudy1_prj1_1","0","481.98","-203.7503","-10","0","0","220","13","None","0","Reflection 225","0","BAESn_CaseStudy1_Prj1","true","17","209","76","82","17","209","76","82","0","100","1","24","24","2000","2000","Histogram","4000","2","0","0","0","20000","10000","1000","0","0","false","2","0.2","false","false","RECONPC","false","0","true","3142","1","0","1997","730","1607","0","1997","100","0","0","true","1","true","false","0","0","0","Y:/CT data exceptions/BAE1013 BAEn_CaseStudy1_prj1_1 [2013-08-15 19.36.21]/BAEn_CaseStudy1_prj1_1.ctprofile.xml"
"39","BAEn_CaseStudy1_prj1_2","0","460.19","-203.9754","-10","0","0","220","13","None","0","Reflection 225","0","BAESn_CaseStudy1_Prj1","true","17","209","76","82","17","209","76","82","0","100","1","24","24","2000","2000","Histogram","4000","2","0","0","0","20000","10000","1000","0","0","false","2","0.2","false","false","RECONPC","false","0","true","3142","1","0","1997","774","1642","0","1997","100","0","0","true","1","true","false","0","0","0","Y:/CT data exceptions/BAE1014 BAEn_CaseStudy1_prj1_2 [2013-08-15 23.53.24]/BAEn_CaseStudy1_prj1_2.ctprofile.xml"
"40","BAEn_CaseStudy1_prj1_4","0","438.1863","-201.95","-10","0","0","220","13","None","0","Reflection 225","0","BAESn_CaseStudy1_Prj1","true","17","209","76","82","17","209","76","82","0","100","1","24","24","2000","2000","Histogram","4000","2","0","0","0","20000","10000","1000","0","0","false","2","0.2","false","false","RECONPC","false","0","true","3142","1","0","1997","899","1708","0","1997","100","0","0","true","1","true","false","0","0","0","Y:/CT data exceptions/BAE1015 BAEn_CaseStudy1_prj1_3 [2013-08-16 12.33.47]/BAEn_CaseStudy1_prj1_3.ctprofile.xml"
"41","BAEn_CaseStudy1_prj1_4","0","416.0635","-201.95","-10","0","0","220","13","None","0","Reflection 225","0","BAESn_CaseStudy1_Prj1","true","17","209","76","82","17","209","76","82","0","100","1","24","24","2000","2000","Histogram","4000","2","0","0","0","20000","10000","1000","0","0","false","2","0.2","false","false","RECONPC","false","0","true","3142","1","0","1997","899","1708","0","1997","100","0","0","true","1","true","false","0","0","0","Y:/CT data exceptions/BAE1016 BAEn_CaseStudy1_prj1_4 [2013-08-16 03.26.53]/BAEn_CaseStudy1_prj1_4.ctprofile.xml"
"42","BAEn_CaseStudy1_prj1_4","0","416.0635","-201.95","-10","0","0","220","13","None","0","Reflection 225","0","BAESn_CaseStudy1_Prj1","true","17","209","76","82","17","209","76","82","0","100","1","24","24","2000","2000","Histogram","4000","2","0","0","0","20000","10000","1000","0","0","false","2","0.2","false","false","RECONPC","false","0","true","3142","1","0","1997","899","1708","0","1997","100","0","0","true","1","true","false","0","0","0","Y:/CT data exceptions/BAE1016 BAEn_CaseStudy1_prj1_4 [2013-08-16 07.00.18]/BAEn_CaseStudy1_prj1_4.ctprofile.xml"
"43","BAEn_CaseStudy1_prj1_2nd_1","0","413.37","-201.95","-12.37","0","0","220","13","None","0","Reflection 225","0","BAESn_CaseStudy1_Prj1","true","17","209","76","82","17","209","76","82","0","100","1","24","24","2000","2000","Histogram","4000","2","0","0","0","20000","10000","1000","0","0","false","2","0.2","false","false","RECONPC","false","0","true","3142","1","0","1997","651","1421","0","1997","100","0","0","true","1","true","false","0","0","0","Y:/CT data exceptions/BAE1017 BAEn_CaseStudy1_prj1_2nd_1 [2013-08-16 19.11.13]/BAEn_CaseStudy1_prj1_2nd_1.ctprofile.xml"
"44","BAEn_CaseStudy1_prj1_2nd_2","0","435.2557","-201.95","-12.37","0","0","220","13","None","0","Reflection 225","0","BAESn_CaseStudy1_Prj1","true","17","209","76","82","17","209","76","82","0","100","1","24","24","2000","2000","Histogram","4000","2","0","0","0","20000","10000","1000","0","0","false","2","0.2","false","false","RECONPC","false","0","true","3142","1","0","1997","619","1428","0","1997","100","0","0","true","1","true","false","0","0","0","Y:/CT data exceptions/BAE1018 BAEn_CaseStudy1_prj1_2nd_2 [2013-08-16 22.44.40]/BAEn_CaseStudy1_prj1_2nd_2.ctprofile.xml"
"45","BAEn_CaseStudy1_prj1_2nd_3","0","457.4273","-201.95","-12.37","0","0","220","13","None","0","Reflection 225","0","BAESn_CaseStudy1_Prj1","true","17","209","76","82","17","209","76","82","0","100","1","24","24","2000","2000","Histogram","4000","2","0","0","0","20000","10000","1000","0","0","false","2","0.2","false","false","RECONPC","false","0","true","3142","1","0","1997","651","1421","0","1997","100","0","0","true","1","true","false","0","0","0","Y:/CT data exceptions/BAE1019 BAEn_CaseStudy1_prj1_2nd_3 [2013-08-17 02.18.07]/BAEn_CaseStudy1_prj1_2nd_3.ctprofile.xml"
"46","BAEn1020_CaseStudy1_Prj1_1025","0","411.34","-192.99","-45","0","0","215","28","None","0","Reflection 225","0","BAEn1020_CaseStudy1_Prj1","true","39","52","80","76","39","52","80","76","0","100","1","0","20","2000","2000","Histogram","4000","3","0","0","0","20000","10000","1000","0","0","false","2","0.2","true","false","RECONPC","false","0","true","3142","1","377","1660","189","1053","110","1752","100","0","0","true","1","true","false","0","0","0","Y:/CT data exceptions/BAE1020 BAEn_CaseStudy1_Prj1_1025 [2014-02-14 13.23.50]/BAEn1020_CaseStudy1_Prj1_1025.ctprofile.xml"
"47","BAEn1020_CaseStudy1_Prj1_1026","0","433.58","-192.99","-45","0","0","215","28","None","0","Reflection 225","0","BAEn1020_CaseStudy1_Prj1","true","39","52","80","76","39","52","80","76","0","100","1","0","20","2000","2000","Histogram","4000","3","0","0","0","20000","10000","1000","0","0","false","2","0.2","true","false","RECONPC","false","0","true","3142","1","377","1661","189","1054","255","1753","100","0","0","true","1","true","false","0","0","0","Y:/CT data exceptions/BAE1020 BAEn_CaseStudy1_Prj1_1026 [2014-02-14 20.25.24]/BAEn1020_CaseStudy1_Prj1_1026.ctprofile.xml"
"48","BAEn1020_CaseStudy1_Prj1_1027","0","455.47","-192.99","-45","0","0","215","28","None","0","Reflection 225","0","BAEn1020_CaseStudy1_Prj1","true","39","52","80","76","39","52","80","76","0","100","1","0","20","2000","2000","Histogram","4000","3","0","0","0","20000","10000","1000","0","0","false","2","0.2","true","false","RECONPC","false","0","true","3142","1","377","1661","189","1054","255","1753","100","0","0","true","1","true","false","0","0","0","Y:/CT data exceptions/BAE1020 BAEn_CaseStudy1_Prj1_1027 [2014-02-15 03.27.01]/BAEn1020_CaseStudy1_Prj1_1027.ctprofile.xml"
"49","BAEn1020_CaseStudy1_Prj1_1028","0","477.34","-192.99","-45","0","0","215","28","None","0","Reflection 225","0","BAEn1020_CaseStudy1_Prj1","true","39","52","80","76","39","52","80","76","0","100","1","0","20","2000","2000","Histogram","4000","3","0","0","0","20000","10000","1000","0","0","false","2","0.2","true","false","RECONPC","false","0","true","3142","1","377","1661","189","1054","255","1753","100","0","0","true","1","true","false","0","0","0","Y:/CT data exceptions/BAE1020 BAEn_CaseStudy1_Prj1_1028 [2014-02-15 10.28.36]/BAEn1020_CaseStudy1_Prj1_1028.ctprofile.xml"
"50","BAEn_CaseStudy1_prj1_2nd_4","0","479.1268","-201.95","-12.37","0","0","220","13","None","0","Reflection 225","0","BAESn_CaseStudy1_Prj1","true","17","209","76","82","17","209","76","82","0","100","1","24","24","2000","2000","Histogram","4000","2","0","0","0","20000","10000","1000","0","0","false","2","0.2","false","false","RECONPC","false","0","true","3142","1","0","1997","619","1428","0","1997","100","0","0","true","1","true","false","0","0","0","Y:/CT data exceptions/BAE1020 BAEn_CaseStudy1_prj1_2nd_4 [2013-08-17 05.51.37]/BAEn_CaseStudy1_prj1_2nd_4.ctprofile.xml"
"51","BAEn_CaseStudy1_prj1_2nd_4","0","485.6954","-193.6048","612.0053","0","0","155","95","Copper","0.5","Reflection 225","0","General","true","40","961","120","121","40","961","120","121","0","100","1","24","24","2000","2000","Histogram","708","5","0","0","0","20000","10000","1000","0","0","false","2","0.2","false","true","RECONPC","false","0","true","3142","1","182","1855","516","1906","44","1545","100","0","0","true","1","true","false","0","0","0","Y:/CT data exceptions/BAE1021 BAEn_CaseStudy1_prj1_1st_3 [2013-10-03 09.46.54]/BAE1021_CaseStudy1_prj1_1st_3.ctprofile.xml"
"52","BAEn_CaseStudy1_prj1_2nd_4","0","485.6954","-193.6048","612.0053","0","0","155","95","Copper","0.5","Reflection 225","0","General","true","40","961","120","121","40","961","120","121","0","100","1","24","24","2000","2000","Histogram","708","5","0","0","0","20000","10000","1000","0","0","false","2","0.2","true","true","RECONPC","false","0","true","3142","1","182","1855","516","1906","44","1545","100","0","0","true","1","true","false","0","0","0","Y:/CT data exceptions/BAE1021 BAEn_CaseStudy1_prj1_1st_3_ss15 [2013-10-03 15.26.07]/BAE1021_CaseStudy1_prj1_1st_3_ss15.ctprofile.xml"
"53","BAE1060_CaseStudy1_Prj2_2nd_8","0","484.96","-184.28","0","0","0","95","31","None","0","Reflection 225","0","Generic","true","21","36","80","84","21","36","80","84","0","100","1","24","224","2000","1600","Histogram","4000","3","0","0","0","20000","10000","1000","0","0","false","2","0.2","false","false","RECONPC","false","0","true","3142","1","245","1568","0","984","0","1597","100","0","0","true","1","true","false","0","0","0","Y:/CT data exceptions/BAE1022 BAEn_CaseStudy1_Prj1_2nd_1.1 [2013-11-18 11.50.09]/BAE1022_CaseStudy1_Prj1_2nd_1.1.ctprofile.xml"
"54","BAE1060_CaseStudy1_Prj2_2nd_8","0","478.92","-195.56","0","0","0","95","32","None","0","Reflection 225","0","Generic","true","21","36","80","84","21","36","80","84","0","100","1","24","224","2000","1600","Histogram","4000","3","0","0","0","20000","10000","1000","0","0","false","2","0.2","false","false","RECONPC","false","0","true","3142","1","245","1893","157","1997","0","1597","100","0","0","true","1","true","false","0","0","0","Y:/CT data exceptions/BAE1022 BAEn_CaseStudy1_Prj1_2nd_1.2 [2013-11-18 16.39.42]/BAE1022_CaseStudy1_Prj1_2nd_1.2.ctprofile.xml"
"55","BAE1060_CaseStudy1_Prj2_2nd_8","0","484.97","-195.34","0","0","0","95","32","None","0","Reflection 225","0","Generic","true","21","36","80","84","21","36","80","84","0","100","1","24","224","2000","1600","Histogram","4000","3","0","0","0","20000","10000","1000","0","0","false","2","0.2","false","false","RECONPC","false","0","false","2000","1","31","1843","478","1997","0","1597","100","0","0","true","1","true","false","0","0","0","Y:/CT data exceptions/BAE1022 BAEn_CaseStudy1_Prj1_2nd_1.3 [2013-11-19 17.31.05]/BAE1022_CaseStudy1_Prj1_2nd_1.3.ctprofile.xml"
"56","BAE1060_CaseStudy1_Prj2_2nd_8","0","484.86","-195.34","0","0","0","95","32","None","0.125","Reflection 225","0","Generic","true","21","36","80","84","21","36","80","84","0","100","1","24","224","2000","1600","Histogram","4000","3","0","0","0","20000","10000","1000","0","0","false","2","0.2","false","false","RECONPC","false","0","false","2000","1","245","1726","431","1648","0","1597","100","0","0","true","1","true","false","0","0","0","Y:/CT data exceptions/BAE1022 BAEn_CaseStudy1_Prj1_2nd_1.4 [2013-11-19 14.21.57]/BAE1022_CaseStudy1_Prj1_2nd_1.4.ctprofile.xml"
"57","BAEn_CaseStudy1_Prj2_5U","0","361.54","-210.28","-12.5","0","0","200","15","Copper","0","Reflection 225","0","General","true","31","161","76","82","31","161","76","82","0","100","1","24","24","2000","2000","Histogram","4000","2","0","0","0","20000","10000","1000","0","0","false","2","0.2","false","false","RECONPC","false","0","true","3142","1","66","1904","358","1334","0","1997","100","0","0","true","1","true","false","0","0","0","Y:/CT data exceptions/BAE1054 BAEn_CaseStudy1_Prj2_5U [2013-07-27 17.30.59]/BAEn_CaseStudy1_Prj2_5U.ctprofile.xml"
"58","BAEn_CaseStudy1_Prj2_7U","0","135.5169","-210.28","-12.5","0","0","200","15","Copper","0","Reflection 225","0","General","true","31","161","76","82","31","161","76","82","0","100","1","24","24","2000","2000","Histogram","4000","2","0","0","0","20000","10000","1000","0","0","false","2","0.2","false","false","RECONPC","false","0","true","3142","1","66","1904","358","1334","0","1997","100","0","0","true","1","true","false","0","0","0","Y:/CT data exceptions/BAE1055 BAEn_CaseStudy1_Prj2_7U [2013-07-27 17.29.48]/BAEn_CaseStudy1_Prj2_7U.ctprofile.xml"
"59","BAEn_CaseStudy1_Prj2_7U","0","400.22","-210.28","-12.5","0","0","200","15","Copper","0","Reflection 225","0","General","true","31","161","76","82","31","161","76","82","0","100","1","24","24","2000","2000","Histogram","4000","2","0","0","0","20000","10000","1000","0","0","false","2","0.2","false","false","RECONPC","false","0","true","3142","1","66","1904","358","1334","0","1997","100","0","0","true","1","true","false","0","0","0","Y:/CT data exceptions/BAE1055 BAEn_CaseStudy1_Prj2_7U [2013-07-27 21.04.30]/BAEn_CaseStudy1_Prj2_7U.ctprofile.xml"
"60","BAEn_CaseStudy1_Prj2_5CC","0","238.4","-200.2159","-12.5","0","0","200","15","Copper","0","Reflection 225","0","General","true","31","161","76","82","31","161","76","82","0","100","1","24","24","2000","2000","Histogram","4000","2","0","0","0","20000","10000","1000","0","0","false","2","0.2","false","false","RECONPC","false","0","true","3142","1","192","1786","179","1016","189","1997","100","0","0","true","1","true","false","0","0","0","Y:/CT data exceptions/BAE1056 BAEn_CaseStudy1_Prj2_5CC [2013-07-28 17.33.34]/BAEn_CaseStudy1_Prj2_5CC.ctprofile.xml"
"61","BAEn_CaseStudy1_Prj2_7C","0","265.5","-200.22","-12.5","0","0","200","15","Copper","0","Reflection 225","0","General","true","31","161","76","82","31","161","76","82","0","100","1","24","24","2000","2000","Histogram","4000","2","0","0","0","20000","10000","1000","0","0","false","2","0.2","false","false","RECONPC","false","0","true","3142","1","192","1787","179","1017","0","1998","100","0","0","true","1","true","false","0","0","0","Y:/CT data exceptions/BAE1057 BAEn_CaseStudy1_Prj2_7C [2013-07-28 21.07.03]/BAEn_CaseStudy1_Prj2_7C.ctprofile.xml"
"62","BAEn_CaseStudy1_Prj2_5C","0","380.13","-200.22","-12.5","0","0","200","15","Copper","0","Reflection 225","0","General","true","31","161","76","82","31","161","76","82","0","100","1","24","24","2000","2000","Histogram","4000","2","0","0","0","20000","10000","1000","0","0","false","2","0.2","false","false","RECONPC","false","0","true","3131","1","223","1788","390","1195","0","1997","100","0","0","true","1","true","false","0","0","0","Y:/CT data exceptions/BAE1058 BAEn_CaseStudy1_Prj2_5C [2013-07-29 00.40.42]/BAEn_CaseStudy1_Prj2_5C.ctprofile.xml"
"63","BAEn_CaseStudy1_Prj2_5U","0","396.741","-200.22","-12.5","0","0","200","15","Copper","0","Reflection 225","0","General","true","31","161","76","82","31","161","76","82","0","100","1","24","24","2000","2000","Histogram","4000","2","0","0","0","20000","10000","1000","0","0","false","2","0.2","false","false","RECONPC","false","0","true","3142","1","233","1824","390","1239","0","1997","100","0","0","true","1","true","false","0","0","0","Y:/CT data exceptions/BAE1059 BAEn_CaseStudy1_Prj2_5U [2013-07-29 04.13.27]/BAEn_CaseStudy1_Prj2_5U.ctprofile.xml"
"64","BAE1060_CaseStudy1_Prj2_2nd_8","0","467.88","-197.9326","0","0","0","90","67","None","0","Reflection 225","0","Generic","true","21","36","80","84","21","36","80","84","0","100","1","24","224","2000","1600","Histogram","2000","3","0","0","0","20000","10000","1000","0","0","false","2","0.2","false","false","RECONPC","false","0","true","3142","1","525","1513","0","1998","0","1597","100","0","0","true","1","true","false","0","0","0","Y:/CT data exceptions/BAE1060 BAEn_CaseStudy1_Prj2_2nd_1_6W [2013-11-19 20.18.15]/BAE1060_CaseStudy1_Prj2_2nd_1_6W.ctprofile.xml"
"65","BAE1060_CaseStudy1_Prj2_2nd_8","0","459.43","-200.11","0","0","0","90","33","None","0","Reflection 225","0","Generic","true","21","36","80","84","21","36","80","84","0","100","1","24","224","2000","1600","Histogram","4000","3","0","0","0","20000","10000","1000","0","0","false","2","0.2","false","false","RECONPC","false","0","true","3142","1","525","1567","0","1931","0","1597","100","0","0","true","1","true","false","0","0","0","Y:/CT data exceptions/BAE1060 BAEn_CaseStudy1_Prj2_2nd_8 [2013-11-17 13.06.51]/BAE1060_CaseStudy1_Prj2_2nd_8.ctprofile.xml"
"66","BAE1060_CaseStudy1_Prj2_2nd_7","0","304.81","-190.65","0","0","0","90","33","None","0","Reflection 225","0","Generic","true","21","36","80","84","21","36","80","84","0","100","1","24","224","2000","1600","Histogram","4000","3","0","0","0","20000","10000","1000","0","0","false","2","0.2","false","false","RECONPC","false","0","true","3142","1","434","1566","0","1997","0","1597","100","0","0","true","1","true","false","0","0","0","Y:/CT data exceptions/BAE1061 BAEn_CaseStudy1_Prj2_2nd_1 [2013-11-16 13.53.08]/BAE1060_CaseStudy1_Prj2_2nd_7.ctprofile.xml"
"67","BAE1060_CaseStudy1_Prj2_2nd_6","0","334.81","-192.97","0","0","0","90","33","None","0","Reflection 225","0","Generic","true","21","36","80","84","21","36","80","84","0","100","1","24","224","2000","1600","Histogram","4000","3","0","0","0","20000","10000","1000","0","0","false","2","0.2","false","false","RECONPC","false","0","true","3142","1","434","1566","0","1997","0","1597","100","0","0","true","1","true","false","0","0","0","Y:/CT data exceptions/BAE1062 BAEn_CaseStudy1_Prj2_2nd_2 [2013-11-16 10.19.41]/BAE1060_CaseStudy1_Prj2_2nd_6.ctprofile.xml"
"68","BAE1060_CaseStudy1_Prj2_2nd_5","0","361.32","-195.58","0","0","0","90","33","None","0","Reflection 225","0","Generic","true","21","36","80","84","21","36","80","84","0","100","1","24","224","2000","1600","Histogram","4000","3","0","0","0","20000","10000","1000","0","0","false","2","0.2","false","false","RECONPC","false","0","true","3142","1","434","1566","0","1997","0","1597","100","0","0","true","1","true","false","0","0","0","Y:/CT data exceptions/BAE1063 BAEn_CaseStudy1_Prj2_2nd_3 [2013-11-16 06.46.15]/BAE1060_CaseStudy1_Prj2_2nd_5.ctprofile.xml"
"69","BAE1060_CaseStudy1_Prj2_2nd_4","0","385.51","-198.05","0","0","0","90","33","None","0","Reflection 225","0","Generic","true","21","36","80","84","21","36","80","84","0","100","1","24","224","2000","1600","Histogram","4000","3","0","0","0","20000","10000","1000","0","0","false","2","0.2","false","false","RECONPC","false","0","true","3142","1","434","1566","0","1997","0","1597","100","0","0","true","1","true","false","0","0","0","Y:/CT data exceptions/BAE1064 BAEn_CaseStudy1_Prj2_2nd_4 [2013-11-16 03.12.51]/BAE1060_CaseStudy1_Prj2_2nd_4.ctprofile.xml"
"70","BAE1060_CaseStudy1_Prj2_2nd_3","0","407.59","-200.13","0","0","0","90","33","None","0","Reflection 225","0","Generic","true","21","36","80","84","21","36","80","84","0","100","1","24","224","2000","1600","Histogram","4000","3","0","0","0","20000","10000","1000","0","0","false","2","0.2","false","false","RECONPC","false","0","true","3142","1","434","1566","0","1997","0","1597","100","0","0","true","1","true","false","0","0","0","Y:/CT data exceptions/BAE1065 BAEn_CaseStudy1_Prj2_2nd_5 [2013-11-15 23.39.21]/BAE1060_CaseStudy1_Prj2_2nd_3.ctprofile.xml"
"71","BAE1060_CaseStudy1_Prj2_2nd_2","0","429.9689","-200.13","0","0","0","90","33","None","0","Reflection 225","0","Generic","true","21","36","80","84","21","36","80","84","0","100","1","24","224","2000","1600","Histogram","4000","3","0","0","0","20000","10000","1000","0","0","false","2","0.2","false","false","RECONPC","false","0","true","3142","1","434","1566","0","1997","0","1597","100","0","0","true","1","true","false","0","0","0","Y:/CT data exceptions/BAE1066 BAEn_CaseStudy1_Prj2_2nd_6 [2013-11-15 20.05.54]/BAE1060_CaseStudy1_Prj2_2nd_2.ctprofile.xml"
"72","BAE1060_CaseStudy1_Prj2_2nd_1","0","452.14","-200.13","0","0","0","90","33","None","0","Reflection 225","0","Generic","true","21","36","80","84","21","36","80","84","0","100","1","24","224","2000","1600","Histogram","4000","3","0","0","0","20000","10000","1000","0","0","false","2","0.2","false","false","RECONPC","false","0","true","3142","1","434","1566","0","1997","0","1597","100","0","0","true","1","true","false","0","0","0","Y:/CT data exceptions/BAE1067 BAEn_CaseStudy1_Prj2_2nd_7 [2013-11-15 16.32.24]/BAE1060_CaseStudy1_Prj2_2nd_1.ctprofile.xml"
"73","BAE1060_CaseStudy1_Prj2_2nd_8","0","459.43","-200.11","0","0","0","90","33","None","0","Reflection 225","0","Generic","true","21","36","80","84","21","36","80","84","0","100","1","24","224","2000","1600","Histogram","4000","3","0","0","0","20000","10000","1000","0","0","false","2","0.2","false","false","RECONPC","false","0","true","3142","1","525","1567","0","1931","0","1597","100","0","0","true","1","true","false","0","0","0","Y:/CT data exceptions/BAE1068 BAEn_CaseStudy1_Prj2_2nd_8 [2013-11-17 13.35.17]/BAE1060_CaseStudy1_Prj2_2nd_8.ctprofile.xml"
"74","BAE1060_CaseStudy1_Prj2_2nd_8","0","435.01","-200.11","0","0","0","90","33","None","0","Reflection 225","0","Generic","true","21","36","80","84","21","36","80","84","0","100","1","24","224","2000","1600","Histogram","4000","3","0","0","0","20000","10000","1000","0","0","false","2","0.2","false","false","RECONPC","false","0","true","3142","1","525","1567","0","1931","0","1597","100","0","0","true","1","true","false","0","0","0","Y:/CT data exceptions/BAE1069 BAEn_CaseStudy1_Prj2_2nd_9 [2013-11-17 17.08.52]/BAE1060_CaseStudy1_Prj2_2nd_8.ctprofile.xml"
"75","BAEn1070_CaseStudy1_Prj2_2.2.1","0","468.01","-200.08","-14","0","0","140","43","None","0","Reflection 225","0","BAESn_CaseStudy1_Prj2_2.2","true","21","36","31","56","21","36","31","56","0","100","1","24","224","2000","1600","Histogram","2829","3","0","0","0","20000","10000","1000","0","0","false","2","0.2","true","false","RECONPC","false","0","true","3142","1","0","1997","500","1284","0","1597","100","0","0","true","1","true","false","0","0","0","Y:/CT data exceptions/BAE1070 BAEn_CaseStudy1_Prj2_2.2.1 [2013-11-30 18.07.16]/BAEn1070_CaseStudy1_Prj2_2.2.1.ctprofile.xml"
"76","BAEn1070_CaseStudy1_Prj2_2.2.2","0","438","-200.08","-14","0","0","140","43","None","0","Reflection 225","0","BAESn_CaseStudy1_Prj2_2.2","true","21","36","31","56","21","36","31","56","0","100","1","24","224","2000","1600","Histogram","2829","3","0","0","0","20000","10000","1000","0","0","false","2","0.2","true","false","RECONPC","false","0","true","3142","1","0","1997","500","1284","0","1597","100","0","0","true","1","true","false","0","0","0","Y:/CT data exceptions/BAE1070 BAEn_CaseStudy1_Prj2_2.2.2 [2013-11-30 13.08.57]/BAEn1070_CaseStudy1_Prj2_2.2.2.ctprofile.xml"
"77","BAEn1070_CaseStudy1_Prj2_2.2.3","0","411.52","-200.08","-14","0","0","140","43","None","0","Reflection 225","0","BAESn_CaseStudy1_Prj2_2.2","true","21","36","31","56","21","36","31","56","0","100","1","24","224","2000","1600","Histogram","2829","3","0","0","0","20000","10000","1000","0","0","false","2","0.2","true","false","RECONPC","false","0","true","3142","1","0","1997","500","1284","0","1597","100","0","0","true","1","true","false","0","0","0","Y:/CT data exceptions/BAE1070 BAEn_CaseStudy1_Prj2_2.2.3 [2013-11-30 08.10.38]/BAEn1070_CaseStudy1_Prj2_2.2.3.ctprofile.xml"
"78","BAEn1070_CaseStudy1_Prj2_2.2.4","0","387.38","-200.08","-14","0","0","140","43","None","0","Reflection 225","0","BAESn_CaseStudy1_Prj2_2.2","true","21","36","31","56","21","36","31","56","0","100","1","24","224","2000","1600","Histogram","2829","3","0","0","0","20000","10000","1000","0","0","false","2","0.2","true","false","RECONPC","false","0","true","3142","1","0","1997","500","1283","0","1597","100","0","0","true","1","true","false","0","0","0","Y:/CT data exceptions/BAE1070 BAEn_CaseStudy1_Prj2_2.2.4 [2013-11-30 03.12.18]/BAEn1070_CaseStudy1_Prj2_2.2.4.ctprofile.xml"
"79","BAEn1070_CaseStudy1_Prj2_2.2.5","0","365.39","-200.08","-14","0","0","140","43","None","0","Reflection 225","0","BAESn_CaseStudy1_Prj2_2.2","true","21","36","31","56","21","36","31","56","0","100","1","24","224","2000","1600","Histogram","2829","3","0","0","0","20000","10000","1000","0","0","false","2","0.2","true","false","RECONPC","false","0","true","3142","1","0","1997","500","1283","0","1597","100","0","0","true","1","true","false","0","0","0","Y:/CT data exceptions/BAE1070 BAEn_CaseStudy1_Prj2_2.2.5 [2013-11-29 22.13.59]/BAEn1070_CaseStudy1_Prj2_2.2.5.ctprofile.xml"
"80","BAEn1070_CaseStudy1_Prj2_2.2.6","0","342.93","-200.08","-14","0","0","140","43","None","0","Reflection 225","0","BAESn_CaseStudy1_Prj2_2.2","true","21","36","31","56","21","36","31","56","0","100","1","24","224","2000","1600","Histogram","2829","3","0","0","0","20000","10000","1000","0","0","false","2","0.2","true","false","RECONPC","false","0","true","3142","1","0","1997","500","1283","0","1597","100","0","0","true","1","true","false","0","0","0","Y:/CT data exceptions/BAE1070 BAEn_CaseStudy1_Prj2_2.2.6 [2013-11-29 17.15.40]/BAEn1070_CaseStudy1_Prj2_2.2.6.ctprofile.xml"
"81","BAEn1070_CaseStudy1_Prj2_2.2.7","0","318.9794","-200.08","-14","0","0","140","43","None","0","Reflection 225","0","BAESn_CaseStudy1_Prj2_2.2","true","21","36","31","56","21","36","31","56","0","100","1","24","224","2000","1600","Histogram","2829","3","0","0","0","20000","10000","1000","0","0","false","2","0.2","true","false","RECONPC","false","0","true","3142","1","0","1997","500","1283","0","1597","100","0","0","true","1","true","false","0","0","0","Y:/CT data exceptions/BAE1070 BAEn_CaseStudy1_Prj2_2.2.7 [2013-11-29 12.17.23]/BAEn1070_CaseStudy1_Prj2_2.2.7.ctprofile.xml"
"82","BAEn1070_CaseStudy1_Prj2_2.2.8","0","460.41","-200.08","-14","0","0","140","43","None","0","Reflection 225","0","BAESn_CaseStudy1_Prj2_2.2","true","21","36","31","56","21","36","31","56","0","100","1","24","224","2000","1600","Histogram","2829","3","0","0","0","20000","10000","1000","0","0","false","2","0.2","true","false","RECONPC","false","0","true","3142","1","0","1997","500","1393","0","1597","100","0","0","true","1","true","false","0","0","0","Y:/CT data exceptions/BAE1070 BAEn_CaseStudy1_Prj2_2.2.8 [2013-12-01 16.12.12]/BAEn1070_CaseStudy1_Prj2_2.2.8.ctprofile.xml"
"83","BAEn1070_CaseStudy1_Prj2_2.2.9","0","436.35","-200.08","-14","0","0","140","43","None","0","Reflection 225","0","BAESn_CaseStudy1_Prj2_2.2","true","21","36","31","56","21","36","31","56","0","100","1","24","224","2000","1600","Histogram","2829","3","0","0","0","20000","10000","1000","0","0","false","2","0.2","true","false","RECONPC","false","0","true","3142","1","0","1997","500","1393","0","1597","100","0","0","true","1","true","false","0","0","0","Y:/CT data exceptions/BAE1070 BAEn_CaseStudy1_Prj2_2.2.9 [2013-12-01 21.10.29]/BAEn1070_CaseStudy1_Prj2_2.2.9.ctprofile.xml"
"84","BAEn1080_CaseStudy1_Prj2_NoUlt","0","269.22","-193.02","0","0","0","215","28","None","0","Reflection 225","0","Generic","true","39","52","80","76","39","52","80","76","0","100","1","0","20","2000","2000","Histogram","4000","3","0","0","0","20000","10000","1000","0","0","false","2","0.2","true","false","RECONPC","false","0","true","3142","1","0","1997","0","1469","0","1997","100","0","0","true","1","true","false","0","0","0","Y:/CT data exceptions/BAE1080 BAEn_CaseStudy1_Prj2_NoUlt [2014-02-11 12.38.51]/BAEn1080_CaseStudy1_Prj2_NoUlt.ctprofile.xml"
"85","BAEn1080_CaseStudy1_Prj2_Ult","0","406.3","-193.02","0","0","0","215","28","None","0","Reflection 225","0","Generic","true","39","52","80","76","39","52","80","76","0","100","1","0","20","2000","2000","Histogram","4000","3","0","0","0","20000","10000","1000","0","0","false","2","0.2","true","false","RECONPC","false","0","true","3142","1","0","1997","0","1469","0","1997","100","0","0","true","1","true","false","0","0","0","Y:/CT data exceptions/BAE1080 BAEn_CaseStudy1_Prj2_Ult [2014-02-11 19.40.37]/BAEn1080_CaseStudy1_Prj2_Ult.ctprofile.xml"
"86","Dhiren_small_2T_2","0","324.96","-187.44","-50","0","0","200","30","None","0","Reflection 225","0","Generic","true","34","94","231","208","34","94","231","208","0","100","1","0","20","2000","2000","Histogram","4000","3","0","0","0","20000","10000","1000","0","0","false","2","0.2","true","false","RECONPC","false","0","true","3142","1","223","1528","0","1742","145","1814","100","0","0","true","1","true","false","0","0","0","Y:/CT data exceptions/BAE2000_CaseStudy2_2001 [2014-03-26 10.22.50]/BAEn2000_CaseStudy2_2001.ctprofile.xml"
"87","BAEn2000_CaseStudy2_2002","0","461.78","-93.25","0","0","0","215","56","None","0","Reflection 225","0","Generic","true","14","15","104","123","14","15","104","123","0","100","1","0","20","2000","2000","Histogram","2000","3","0","0","0","20000","10000","1000","0","0","false","2","0.2","true","false","RECONPC","false","0","true","3142","1","198","1819","192","1148","82","1944","100","0","0","true","1","true","false","0","0","0","Y:/CT data exceptions/BAE2000_CaseStudy2_2002 [2014-03-28 13.06.49]/BAEn2000_CaseStudy2_2002.ctprofile.xml"
"88","BAEn2000_CaseStudy2_2003","0","328.87","-46.11","0","0","0","215","56","None","0","Reflection 225","0","Generic","true","14","15","104","123","14","15","104","123","0","100","1","0","20","2000","2000","Histogram","2000","3","0","0","0","20000","10000","1000","0","0","false","2","0.2","true","false","RECONPC","false","0","true","3142","1","682","1820","192","1833","47","1965","100","0","0","true","1","true","false","0","0","0","Y:/CT data exceptions/BAE2000_CaseStudy2_2003 [2014-03-28 16.38.24]/BAEn2000_CaseStudy2_2003.ctprofile.xml"
"89","BAEn1020_CaseStudy1_Prj1_1028","0","416.72","-192.55","0","0","0","215","28","None","0","Reflection 225","0","Generic","true","11","13","80","76","11","13","80","76","0","100","1","0","20","2000","2000","Histogram","2000","4","0","0","0","20000","10000","1000","0","0","false","2","0.2","true","false","RECONPC","false","0","true","3142","1","110","1852","283","1352","0","1997","100","0","0","true","1","true","false","0","0","0","Y:/CT data exceptions/BAEn1020_CaseStudy1_Prj1_1029 [2014-02-19 17.52.27]/BAEn1020_CaseStudy1_Prj1_1029.ctprofile.xml"
"90","BAEn1030_CaseStudy1_Prj1_1.1","0","412.43","-197.51","-50","0","0","215","25","None","0","Reflection 225","0","Generic","true","77","534","143","177","77","534","143","177","0","100","1","0","20","2000","2000","Histogram","2829","3","0","0","0","20000","10000","1000","0","0","false","2","0.2","true","false","RECONPC","false","0","true","3142","1","217","1997","789","1506","0","1997","100","0","0","true","1","true","false","0","0","0","Y:/CT data exceptions/BAEn1030_CaseStudy1_Prj1_1.1 [2014-03-16 18.17.16]/BAEn1030_CaseStudy1_Prj1_1.1.ctprofile.xml"
"91","BAEn1030_CaseStudy1_Prj1_1.2","0","434.27","-197.51","-50","0","0","215","25","None","0","Reflection 225","0","Generic","true","77","534","143","177","77","534","143","177","0","100","1","0","20","2000","2000","Histogram","2829","3","0","0","0","20000","10000","1000","0","0","false","2","0.2","true","false","RECONPC","false","0","true","3142","1","217","1997","789","1506","0","1997","100","0","0","true","1","true","false","0","0","0","Y:/CT data exceptions/BAEn1030_CaseStudy1_Prj1_1.2 [2014-03-16 23.15.34]/BAEn1030_CaseStudy1_Prj1_1.2.ctprofile.xml"
"92","BAEn1030_CaseStudy1_Prj1_1.3","0","456.32","-197.51","-50","0","0","215","25","None","0","Reflection 225","0","Generic","true","77","534","143","177","77","534","143","177","0","100","1","0","20","2000","2000","Histogram","2829","3","0","0","0","20000","10000","1000","0","0","false","2","0.2","true","false","RECONPC","false","0","true","3142","1","217","1997","789","1506","0","1997","100","0","0","true","1","true","false","0","0","0","Y:/CT data exceptions/BAEn1030_CaseStudy1_Prj1_1.3 [2014-03-17 04.13.53]/BAEn1030_CaseStudy1_Prj1_1.3.ctprofile.xml"
"93","BAEn1030_CaseStudy1_Prj1_1.4","0","478.33","-197.51","-50","0","0","215","25","None","0","Reflection 225","0","Generic","true","77","534","143","177","77","534","143","177","0","100","1","0","20","2000","2000","Histogram","2829","3","0","0","0","20000","10000","1000","0","0","false","2","0.2","true","false","RECONPC","false","0","true","3142","1","217","1997","789","1506","0","1997","100","0","0","true","1","true","false","0","0","0","Y:/CT data exceptions/BAEn1030_CaseStudy1_Prj1_1.4 [2014-03-17 09.12.12]/BAEn1030_CaseStudy1_Prj1_1.4.ctprofile.xml"
"94","BAEn1090_CaseStudy1_Prj2_1091","0","302.46","-195.4","-50","0","0","215","28","None","0","Reflection 225","0","Generic1","true","77","534","143","177","77","534","143","177","0","100","1","0","20","2000","2000","Histogram","4000","3","0","0","0","20000","10000","1000","0","0","false","2","0.2","true","false","RECONPC","false","0","true","3142","1","0","1998","509","1507","0","1997","100","0","0","true","1","true","false","0","0","0","Y:/CT data exceptions/BAEn1090_CaseStudy1_Prj2_1091 [2014-03-18 13.50.18]/BAEn1090_CaseStudy1_Prj2_1091.ctprofile.xml"
"95","BAEn1090_CaseStudy1_Prj2_1092","0","323.6","-195.4","-50","0","0","215","28","None","0","Reflection 225","0","Generic1","true","77","534","143","177","77","534","143","177","0","100","1","0","20","2000","2000","Histogram","4000","3","0","0","0","20000","10000","1000","0","0","false","2","0.2","true","false","RECONPC","false","0","true","3142","1","0","1998","509","1507","0","1997","100","0","0","true","1","true","false","0","0","0","Y:/CT data exceptions/BAEn1090_CaseStudy1_Prj2_1092 [2014-03-18 20.51.51]/BAEn1090_CaseStudy1_Prj2_1092.ctprofile.xml"
"96","BAEn1090_CaseStudy1_Prj2_1093","0","345.49","-195.4","-50","0","0","215","28","None","0","Reflection 225","0","Generic1","true","29","206","143","177","29","206","143","177","0","100","1","0","20","2000","2000","Histogram","4000","3","0","0","0","20000","10000","1000","0","0","false","2","0.2","true","false","RECONPC","false","0","true","3142","1","0","1998","509","1507","0","1997","100","0","0","true","1","true","false","0","0","0","Y:/CT data exceptions/BAEn1090_CaseStudy1_Prj2_1093 [2014-03-19 03.53.27]/BAEn1090_CaseStudy1_Prj2_1093.ctprofile.xml"
"97","BAEn1090_CaseStudy1_Prj2_1094","0","367.47","-195.4","-50","0","0","215","28","None","0","Reflection 225","0","Generic1","true","29","206","143","177","29","206","143","177","0","100","1","0","20","2000","2000","Histogram","4000","3","0","0","0","20000","10000","1000","0","0","false","2","0.2","true","false","RECONPC","false","0","true","3142","1","0","1998","509","1507","0","1997","100","0","0","true","1","true","false","0","0","0","Y:/CT data exceptions/BAEn1090_CaseStudy1_Prj2_1094 [2014-03-19 10.55.03]/BAEn1090_CaseStudy1_Prj2_1094.ctprofile.xml"
"98","BAEn1090_CaseStudy1_Prj2_1095","0","389.84","-195.4","-50","0","0","215","28","None","0","Reflection 225","0","Generic1","true","29","206","143","177","29","206","143","177","0","100","1","0","20","2000","2000","Histogram","4000","3","0","0","0","20000","10000","1000","0","0","false","2","0.2","true","false","RECONPC","false","0","true","3142","1","0","1998","509","1507","0","1997","100","0","0","true","1","true","false","0","0","0","Y:/CT data exceptions/BAEn1090_CaseStudy1_Prj2_1095 [2014-03-19 17.57.07]/BAEn1090_CaseStudy1_Prj2_1095.ctprofile.xml"
"99","BAEn1090_CaseStudy1_Prj2_1096","0","411.76","-195.4","-50","0","0","215","28","None","0","Reflection 225","0","Generic1","true","29","206","143","177","29","206","143","177","0","100","1","0","20","2000","2000","Histogram","4000","3","0","0","0","20000","10000","1000","0","0","false","2","0.2","true","false","RECONPC","false","0","true","3142","1","0","1998","509","1507","0","1997","100","0","0","true","1","true","false","0","0","0","Y:/CT data exceptions/BAEn1090_CaseStudy1_Prj2_1096 [2014-03-20 00.58.43]/BAEn1090_CaseStudy1_Prj2_1096.ctprofile.xml"
"100","Inside-Out_White_Check","0","464.79","-150.65","0","0","0","155","32","None","0","Reflection 225","0","Generic","true","28","46","171","168","28","46","171","168","0","100","1","0","20","2000","2000","Histogram","4000","3","0","0","0","20000","10000","1000","0","0","false","2","0.2","true","false","RECONPC","false","0","true","2547","1","377","1579","481","1465","0","1975","100","0","0","true","1","true","false","0","0","0","Y:/CT data exceptions/BAEn3000_CaseStudy2 [2014-07-10 12.16.11]/BAE2003_CaseStudy2.ctprofile.xml"
"101","Inside-Out_White_Check","0","471.49","-150.68","0","0","0","200","22","None","0","Reflection 225","0","Generic","true","28","46","171","168","28","46","171","168","0","100","1","0","20","2000","2000","Histogram","4000","3","0","0","0","20000","10000","1000","0","0","false","2","0.2","true","false","RECONPC","false","0","true","2290","1","563","1443","421","1438","0","1997","100","0","0","true","1","true","false","0","0","0","Y:/CT data exceptions/BAEn3000_CaseStudy2_-185 [2014-07-13 18.34.51]/BAE2003_CaseStudy2_-185.ctprofile.xml"
"102","Inside-Out_White_Check","0","471.1","-150.68","0","0","0","200","22","None","0","Reflection 225","0","Generic","true","28","46","171","168","28","46","171","168","0","100","1","0","20","2000","2000","Histogram","4000","3","0","0","0","20000","10000","1000","0","0","false","2","0.2","true","false","RECONPC","false","0","true","2137","1","522","1292","730","1484","0","1997","100","0","0","true","1","true","false","0","0","0","Y:/CT data exceptions/BAEn3000_CaseStudy2_+44 [2014-07-14 12.35.38]/BAE2003_CaseStudy2_+44.ctprofile.xml"
"103","Inside-Out_White_Check","0","472.04","-150.68","0","0","0","200","22","None","0","Reflection 225","0","Generic","true","28","46","171","168","28","46","171","168","0","100","1","0","20","2000","2000","Histogram","4000","3","0","0","0","20000","10000","1000","0","0","false","2","0.2","true","false","RECONPC","false","0","true","2468","1","563","1531","421","1437","0","1997","100","0","0","true","1","true","false","0","0","0","Y:/CT data exceptions/BAEn3000_CaseStudy2_+96 [2014-07-13 12.48.15]/BAE2003_CaseStudy2_+96.ctprofile.xml"
"104","BAE3000_CaseStudy2_105","0","372.68","-145.59","0","0","0","200","20","Copper","1","Reflection 225","0","Generic","true","11","22","29","151","11","22","29","151","0","100","1","2","20","1996","1996","Histogram","2000","3","0","0","0","20000","10000","1000","0","0","false","2","0.2","true","false","RECONPC","false","0","true","2764","1","430","1296","891","1670","0","1993","100","0","0","true","1","true","false","0","0","0","Y:/CT data exceptions/BAEn3000_CaseStudy2_105 [2014-10-05 16.33.45]/BAE3000_CaseStudy2_105.ctprofile.xml"
"105","BAE3000_CaseStudy2_53","0","447.25","-145.59","0","0","0","200","20","Copper","1","Reflection 225","0","Generic","true","11","22","29","151","11","22","29","151","0","100","1","2","20","1996","1996","Histogram","2000","3","0","0","0","20000","10000","1000","0","0","false","2","0.2","true","false","RECONPC","false","0","true","3135","1","28","1111","461","1488","0","1993","100","0","0","true","1","true","false","0","0","0","Y:/CT data exceptions/BAEn3000_CaseStudy2_53 [2014-10-05 19.39.33]/BAE3000_CaseStudy2_53.ctprofile.xml"
"106","Inside-Out_White_Check","0","472.04","-150.68","0","0","0","215","25","None","0","Reflection 225","0","Generic","true","28","46","171","168","28","46","171","168","0","100","1","0","20","2000","2000","Histogram","4000","3","0","0","0","20000","10000","1000","0","0","false","2","0.2","true","false","RECONPC","false","0","true","2592","1","346","1431","519","1503","0","1997","100","0","0","true","1","true","false","0","0","0","Y:/CT data exceptions/BAEn3000_CaseStudy2_RT [2014-07-12 13.37.00]/BAE2003_CaseStudy2_RT.ctprofile.xml"
"107","WMG_wires_testsample2","0","336.4926","-66.99","0","0","0","200","35","Tin","0.25","Reflection 225","0","Generic","true","1774","28","208","194","1774","28","208","194","0","100","1","2","20","1996","1996","Histogram","2000","4","0","0","0","20000","10000","1000","0","0","false","2","0.2","true","false","RECONPC","false","0","true","3135","1","157","1832","326","1194","107","1491","100","0","0","true","1","true","false","0","0","0","Y:/CT data exceptions/BAEn4000_KPtest [2014-12-02 10.17.24]/BAEn4000_KPtest.ctprofile.xml"
"108","WMG_wires_testsample2","0","443.28","-67.37","0","0","0","200","35","Tin","0.25","Reflection 225","0","Generic","false","19","18","208","194","19","18","208","194","0","100","1","2","20","1996","1996","Histogram","2000","4","0","0","0","20000","10000","1000","0","0","false","2","0.2","true","false","RECONPC","false","0","true","2752","1","436","1365","326","1195","389","1811","100","0","0","true","1","true","false","0","0","0","Y:/CT data exceptions/BAEn4000_KPtest_lower [2014-12-02 15.36.30]/BAEn4000_KPtest_lower.ctprofile.xml"
"109","WMG_McNally_arm_A","0","355.13","-46.44","0","0","0","200","35","None","0","Reflection 225","0","Generic","false","26","24","208","194","26","24","208","194","0","100","1","2","20","1996","1996","Histogram","1000","4","0","0","0","20000","10000","1000","0","0","false","2","0.2","true","false","RECONPC","false","0","true","3135","1","0","1995","0","1995","0","1995","100","0","0","true","1","true","false","0","0","0","Y:/CT data exceptions/BAEn4000_KPtest_pipeW1 [2014-12-15 12.30.39]/BAEn4000_KPtest.ctprofile.xml"
"110","WMG_Spooner_newcol_4B","0","379.35","-125.24","0","0","0","205","44","Tin","0.25","Reflection 225","0","Generic","false","26","24","208","194","26","24","208","194","0","100","1","2","20","1996","1996","Histogram","1415","4","0","0","0","20000","10000","1000","0","0","false","2","0.2","true","false","RECONPC","false","0","true","3135","1","0","1995","0","1995","0","1995","100","0","0","true","1","true","false","0","0","0","Y:/CT data exceptions/BAEn4000_KPtest_pipeW2 [2015-01-08 15.43.14]/BAEn4000_KPtest_pipeW2.ctprofile.xml"
"111","WMG_Spooner_newcol_4B","0","379.3188","-125.2037","0.0636","0","0","205","27","None","0","Reflection 225","0","Generic","false","26","24","208","194","26","24","208","194","0","100","1","2","20","1996","1996","Histogram","1415","4","0","0","0","20000","10000","1000","0","0","false","2","0.2","true","false","RECONPC","false","0","true","3135","1","0","1993","0","1993","631","1255","100","0","0","true","1","true","false","0","0","0","Y:/CT data exceptions/BAEn4000_KPtest_pipeW2_2 [2015-01-10 13.36.52]/BAEn4000_KPtest_pipeW2_2.ctprofile.xml"
"112","BAEn5010_CD10","0","394.57","-181.86","11","0","0","200","35","Tin","0.675","Reflection 225","0","Generic","false","2","53","72","179","2","53","72","179","0","100","1","2","20","1996","1996","Histogram","4000","5","0","0","0","20000","10000","1000","0","0","false","2","0.2","true","false","RECONPC","false","0","true","3135","1","0","1993","549","1453","0","1993","100","0","0","true","1","true","false","0","0","0","Y:/CT data exceptions/BAEn5010_CD10 [2015-05-17 20.37.21]/BAEn5010_CD10.ctprofile.xml"
"113","BAEn5010_CD20","0","418.0536","-181.86","11","0","0","200","35","Tin","0.675","Reflection 225","0","Generic","false","2","53","72","179","2","53","72","179","0","100","1","2","20","1996","1996","Histogram","4000","5","0","0","0","20000","10000","1000","0","0","false","2","0.2","true","false","RECONPC","false","0","true","3135","1","0","1993","549","1453","0","1993","100","0","0","true","1","true","false","0","0","0","Y:/CT data exceptions/BAEn5010_CD20 [2015-05-18 03.38.01]/BAEn5010_CD20.ctprofile.xml"
"114","BAEn5010_CD30","0","441.162","-181.86","11","0","0","200","35","Tin","0.675","Reflection 225","0","Generic","false","2","53","72","179","2","53","72","179","0","100","1","2","20","1996","1996","Histogram","4000","5","0","0","0","20000","10000","1000","0","0","false","2","0.2","true","false","RECONPC","false","0","true","3135","1","0","1993","549","1453","0","1993","100","0","0","true","1","true","false","0","0","0","Y:/CT data exceptions/BAEn5010_CD30 [2015-05-18 10.38.41]/BAEn5010_CD30.ctprofile.xml"
"115","BAEn5010_CD40","0","462.7152","-181.86","11","0","0","200","35","Tin","0.675","Reflection 225","0","Generic","false","2","53","72","179","2","53","72","179","0","100","1","2","20","1996","1996","Histogram","4000","5","0","0","0","20000","10000","1000","0","0","false","2","0.2","true","false","RECONPC","false","0","true","3135","1","0","1993","549","1453","0","1993","100","0","0","true","1","true","false","0","0","0","Y:/CT data exceptions/BAEn5010_CD40 [2015-05-18 17.39.22]/BAEn5010_CD40.ctprofile.xml"
"116","BAEn5010_CD50","0","486.0639","-181.86","11","0","0","200","35","Tin","0.675","Reflection 225","0","Generic","false","2","53","72","179","2","53","72","179","0","100","1","2","20","1996","1996","Histogram","4000","5","0","0","0","20000","10000","1000","0","0","false","2","0.2","true","false","RECONPC","false","0","true","3135","1","0","1993","549","1453","0","1993","100","0","0","true","1","true","false","0","0","0","Y:/CT data exceptions/BAEn5010_CD50 [2015-05-17 13.36.34]/BAEn5010_CD50.ctprofile.xml"
"117","BAEn5010_CD50","0","486.0639","-181.86","11","0","0","200","35","Tin","0.675","Reflection 225","0","Generic","false","2","53","72","179","2","53","72","179","0","100","1","2","20","1996","1996","Histogram","4000","5","0","0","0","20000","10000","1000","0","0","false","2","0.2","true","false","RECONPC","false","0","true","3135","1","0","1993","549","1453","0","1993","100","0","0","true","1","true","false","0","0","0","Y:/CT data exceptions/BAEn5010_CD50 [2015-05-19 00.40.00]/BAEn5010_CD50.ctprofile.xml"
"118","BAEn5010_UD10","0","394.16","-181.86","103.9789","0","0","200","35","Tin","0.675","Reflection 225","0","Generic","false","2","53","72","179","2","53","72","179","0","100","1","2","20","1996","1996","Histogram","4000","5","0","0","0","20000","10000","1000","0","0","false","2","0.2","true","false","RECONPC","false","0","true","3135","1","574","1359","0","1993","0","1993","100","0","0","true","1","true","false","0","0","0","Y:/CT data exceptions/BAEn5010_UD10 [2015-05-15 22.08.06]/BAEn5010_UD10.ctprofile.xml"
"119","BAEn5010_UD20","0","422.1837","-181.86","11","0","0","200","35","Tin","0.675","Reflection 225","0","Generic","false","2","53","72","179","2","53","72","179","0","100","1","2","20","1996","1996","Histogram","4000","5","0","0","0","20000","10000","1000","0","0","false","2","0.2","true","false","RECONPC","false","0","true","3135","1","0","1993","549","1453","0","1993","100","0","0","true","1","true","false","0","0","0","Y:/CT data exceptions/BAEn5010_UD20 [2015-05-16 05.08.47]/BAEn5010_UD20.ctprofile.xml"
"120","BAEn5010_UD30","0","447.0701","-181.86","11","0","0","200","35","Tin","0.675","Reflection 225","0","Generic","false","2","53","72","179","2","53","72","179","0","100","1","2","20","1996","1996","Histogram","4000","5","0","0","0","20000","10000","1000","0","0","false","2","0.2","true","false","RECONPC","false","0","true","3135","1","0","1993","549","1453","0","1993","100","0","0","true","1","true","false","0","0","0","Y:/CT data exceptions/BAEn5010_UD30 [2015-05-16 12.09.28]/BAEn5010_UD30.ctprofile.xml"
"121","BAEn5010_UD40","0","472.048","-181.86","11","0","0","200","35","Tin","0.675","Reflection 225","0","Generic","false","2","53","72","179","2","53","72","179","0","100","1","2","20","1996","1996","Histogram","4000","5","0","0","0","20000","10000","1000","0","0","false","2","0.2","true","false","RECONPC","false","0","true","3135","1","0","1993","549","1453","0","1993","100","0","0","true","1","true","false","0","0","0","Y:/CT data exceptions/BAEn5010_UD40 [2015-05-16 19.10.08]/BAEn5010_UD40.ctprofile.xml"
"122","BAEn5010_UD10","0","402.16","-178.9869","11","0","0","200","35","Tin","0.675","Reflection 225","0","Generic","false","2","53","72","179","2","53","72","179","0","100","1","2","20","1996","1996","Histogram","4000","5","0","0","0","20000","10000","1000","0","0","false","2","0.2","true","false","RECONPC","false","0","true","3135","1","0","1995","0","1995","0","1995","100","0","0","true","1","true","false","0","0","0","Y:/CT data exceptions/BAEn5010_UD50_2 [2015-05-31 21.45.25]/BAEn5010_UD50_2.ctprofile.xml"
"123",NA,"0","461.0959","-239.1929","-1.6173","0","0","190","25","Copper","0.35",NA,NA,"General","true","17","134","153","0","17","134","153","0","0","100","1","24","24","2000","2000","Histogram","2829","4","0","0","0","0","0","0","0","0","false","2","0.2","false","false","10.10.250.25","false","128","true","3142","1","176","1896","186","1745","157","1789","100","-1","-1","true",NA,"true","true","0","0","0","Y:/CT data exceptions/Paul_Wood_Small_2 [2012-04-02 09.50.30]/Paul_Wood_Small_2.ctprofile.xml"
